                  epoch,             train/loss,  metrics/accuracy_top1,  metrics/accuracy_top5,               val/loss,                 lr/pg0,                 lr/pg1,                 lr/pg2
                      1,                 3.3468,                0.32453,                    0.8,                 3.7743,              0.0002375,              0.0002375,              0.0002375
                      2,                  2.037,                0.54717,                0.89811,                 3.5676,             0.00038135,             0.00038135,             0.00038135
                      3,                 1.5652,                0.70943,                 0.9283,                 3.4061,             0.00043095,             0.00043095,             0.00043095
                      4,                 1.2816,                 0.7283,                0.95094,                 3.3423,             0.00028988,             0.00028988,             0.00028988
                      5,                 1.1552,                0.77358,                0.95094,                   3.28,             0.00028988,             0.00028988,             0.00028988
